{
    "SYN_0123456789": {
        "moments": {
            "low_short_deal": [
                1639.889,
                49213.37041708342
            ],
            "default": [
                1318.3216,
                16236.995172474495
            ],
            "high_long_deal": [
                1632.9057400000002,
                49365.89587622764
            ]
        },
        "Q_naive": 100,
        "Q_DRO": 90
    },
    "0123456789": {
        "moments": {
            "default": [
                1318.3216,
                16236.995172474495
            ],
            "low_short_deal": [
                1639.889,
                49213.37041708342
            ],
            "high_long_deal": [
                1632.9057400000002,
                49365.89587622764
            ],
            "medium_medium_deal": [
                1639.889,
                49213.37041708342
            ],
            "medium_medium_DDM": [
                1657.0896,
                50229.00617307462
            ],
            "medium_medium_DDW": [
                1504.509,
                29321.472613522703
            ]
        },
        "Q_naive": 100,
        "Q_DRO": 90
    }
}