{
    "SYN_0123456789": {
        "moments": {
            "szenario_2": [
                1,
                2
            ],
            "test": [
                1720.252,
                23562.989893978793
            ],
            "low_short_deal": [
                1638.1738,
                47508.216296819366
            ]
        },
        "Q_naive": 100,
        "Q_DRO": 90
    }
}